Crop_Type,Vehicle_Type,Transit_Duration_Class,Total_Trips,Avg_Spoilage_Risk,Avg_Queue_Time,Avg_Quality_Ratio,Avg_Fuel_Costs,High_Spoilage_Trip_Count,High_Queue_Delay_Count
Corn,Motorbike,Long,714,1.1623477201453916,5.147477164698953,87.29040132428428,185.862931137955,212,287
Corn,Motorbike,Medium,676,1.1623510490400497,5.348619497384303,98.54887552828013,163.30848623508246,187,265
Corn,Motorbike,Short,723,1.1675289161008904,5.019981209069924,69.54896538330925,179.047060255542,237,279
Corn,Truck,Long,4955,1.1637588362528914,5.118483242109219,95.94210770334142,176.60410737679317,1440,1874
Corn,Truck,Medium,5009,1.1624734376169925,5.150940562549512,84.74023976209129,167.59113909474394,1406,1884
Corn,Truck,Short,4990,1.162232256738229,5.180272222153762,90.74858653226832,172.78309124671947,1468,1900
Corn,Van,Long,1436,1.1664437620629087,4.96357548205353,96.02938536617552,169.05991218032685,431,530
Corn,Van,Medium,1450,1.159606583412244,5.009839329472565,94.60561221791345,179.36415563948245,414,521
Corn,Van,Short,1447,1.1664138031469697,5.08491715332429,85.50618906847802,183.669366640551,446,531
Rice,Motorbike,Long,368,1.1670965724790783,5.317507141203177,66.64669331764073,170.33566494239312,108,143
Rice,Motorbike,Medium,368,1.1643306459761127,5.224171883730931,76.54818914454802,175.58478508664487,113,146
Rice,Motorbike,Short,350,1.170572164087645,5.034362159920842,116.14638699584808,157.42870659398102,113,133
Rice,Truck,Long,2466,1.1625415550173697,5.3166086628978455,85.77000331604363,169.35632314991074,679,962
Rice,Truck,Medium,2569,1.1608026313736735,5.221412727882661,77.24448818023616,171.8009400435106,714,1013
Rice,Truck,Short,2458,1.1640221858242732,5.220432312877828,81.7192987743345,171.3102552340598,727,939
Rice,Van,Long,669,1.1650137797269686,5.162187033128125,82.71182065262077,178.562642466486,211,257
Rice,Van,Medium,688,1.1613308139621756,5.100570743945136,132.32967744496412,171.44109163924503,195,250
Rice,Van,Short,716,1.162168147017083,4.920587461638558,100.51938831086987,158.97265130810885,210,258
Wheat,Motorbike,Long,692,1.1667574758445347,5.394080115211011,101.66000382908865,183.41715130050528,215,277
Wheat,Motorbike,Medium,675,1.1648947574340103,5.2369995138453955,85.23957971652035,182.70024162601644,187,256
Wheat,Motorbike,Short,733,1.1654109940195911,5.079035550970241,74.83932540854323,155.53282580874412,223,281
Wheat,Truck,Long,5111,1.163191455002348,5.280897731188773,87.99837183667704,171.85699146879966,1428,1959
Wheat,Truck,Medium,4919,1.1639002566154375,5.159037582918549,92.94300162490151,172.7450550721566,1437,1883
Wheat,Truck,Short,4967,1.1651006624934965,5.112923120085434,84.68790973197721,175.2895192829881,1526,1859
Wheat,Van,Long,1357,1.1646212681180959,5.340580681081047,78.9270101082271,171.89246360546255,394,536
Wheat,Van,Medium,1415,1.1631023092337478,5.281749523202455,87.43639000637032,175.10085704042106,409,562
Wheat,Van,Short,1384,1.1625835714427688,5.19101281613517,81.8615181624022,174.7868789787244,397,529
